"","DGP1a","DGP1b","DGP2","DGP3"
"MSE",0.00575573772763652,0.00592950637648785,0.0123027959092699,0.00625778039888061
"Coverage",0.947,0.953,0.954,0.975
"Int. Length",0.301773821964931,0.312988817218415,0.453943296349935,0.320783245910746
