"","DGP4","DGP5","DGP6"
"MSE",0.225695001034675,0.212458526064049,0.22782605657809
"Coverage",0.91,0.927,0.919
"Int. Length",1.65265026076381,1.64826716775306,1.68184718332302
