"","DGP1a","DGP1b","DGP2","DGP3"
"MSE",0.0202142699049768,0.0203506843994114,0.0387924998412813,0.00558150069780454
"Coverage",0.931,0.928,0.901,0.824
"Int. Length",0.488614074344943,0.487062684933259,0.646957606721397,0.220070984563679
