"","DGP1a","DGP1b","DGP2","DGP3"
"MSE",0.0202397087986547,0.0204496767751958,0.0394033616184452,0.00559582775418334
"Coverage",0.929,0.927,0.905,0.833
"Int. Length",0.488506636300924,0.486231039785252,0.646872159571551,0.219552809217502
