"","DGP4","DGP5","DGP6"
"MSE",0.6647348709129,0.510866913666668,0.677742108075044
"Coverage",0.913,0.939,0.913
"Int. Length",2.72537436599761,2.72269195463042,2.81574808631746
