"","DGP1a","DGP1b","DGP2","DGP3"
"MSE",0.00336877689510494,0.00341350448516452,0.0176917340759803,0.00398200007156803
"Coverage",0.824,0.823,0.789,1
"Int. Length",0.144731235426578,0.142011811454269,0.33723328774036,0.58793938295189
