"","DGP4","DGP5","DGP6"
"MSE",0.0811091777320067,0.0759105366574702,0.091341904373161
"Coverage",0.899,0.927,0.92
"Int. Length",0.976856566572427,1.02542018073172,1.08643938414584
