"","DGP1a","DGP1b","DGP2","DGP3"
"MSE",0.0120202555011286,0.0187503743721579,0.0118725703868074,0.142853925441511
"Coverage",0.82,0.699,0.997,0.995
"Int. Length",0.251862442859135,0.287222465158162,0.902289831954415,2.31363298300455
