"","DGP1a","DGP1b","DGP2","DGP3"
"MSE",0.00259943868321047,0.00268411439102659,0.0248210380322723,0.0509933115080299
"Coverage",0.923,0.916,0.788,0.993
"Int. Length",0.156460913980695,0.15661852969302,0.412677151589066,0.769071876045231
