"","DGP1a","DGP1b","DGP2","DGP3"
"MSE",0.00302399979108372,0.00301624142760594,0.0177817142692333,0.00501855438069543
"Coverage",0.885,0.883,0.835,1
"Int. Length",0.157413829549666,0.155162462363828,0.381036725904288,0.704509397192949
