"","DGP1a","DGP1b","DGP2","DGP3"
"MSE",0.00264580050905139,0.00250946904103348,0.021650823678931,0.00522898408938595
"Coverage",0.918,0.912,0.803,1
"Int. Length",0.158214008818412,0.156839040200853,0.399585012767611,0.735779788496947
