"","DGP4","DGP5","DGP6"
"MSE",0.0822454653976927,0.0771065716360091,0.0935469843254738
"Coverage",0.879,0.902,0.89
"Int. Length",0.930041290315736,0.979105666492571,1.03895224447463
