"","DGP1a","DGP1b","DGP2","DGP3"
"MSE",0.00180270344828228,0.0114725506175574,0.00605490473688657,0.095703891589473
"Coverage",0.8,1,1,0.95
"Int. Length",0.144727689672359,0.302262044363222,0.868700756371612,1.74898153730481
